{"west": 115.784912109375, "east": 115.8233642578125, "north": -31.900878077763068, "south": -31.938178485591138}